{
  "music_disc.11": {
    "sounds": [
      {
        "name": "records/11",
        "stream": true
      }
    ]
  },
  "music_disc.13": {
    "sounds": [
      {
        "name": "records/13",
        "stream": true
      }
    ]
  },
  "music_disc.blocks": {
    "sounds": [
      {
        "name": "records/blocks",
        "stream": true
      }
    ]
  },
  "music_disc.cat": {
    "sounds": [
      {
        "name": "records/cat",
        "stream": true
      }
    ]
  },
  "music_disc.chirp": {
    "sounds": [
      {
        "name": "records/chirp",
        "stream": true
      }
    ]
  },
  "music_disc.far": {
    "sounds": [
      {
        "name": "records/far",
        "stream": true
      }
    ]
  },
  "music_disc.mall": {
    "sounds": [
      {
        "name": "records/mall",
        "stream": true
      }
    ]
  },
  "music_disc.mellohi": {
    "sounds": [
      {
        "name": "records/mellohi",
        "stream": true
      }
    ]
  },
  "music_disc.pigstep": {
    "sounds": [
      {
        "name": "records/pigstep",
        "stream": true
      }
    ]
  },
  "music_disc.stal": {
    "sounds": [
      {
        "name": "records/stal",
        "stream": true
      }
    ]
  },
  "music_disc.strad": {
    "sounds": [
      {
        "name": "records/strad",
        "stream": true
      }
    ]
  },
  "music_disc.wait": {
    "sounds": [
      {
        "name": "records/wait",
        "stream": true
      }
    ]
  },
  "music_disc.ward": {
    "sounds": [
      {
        "name": "records/ward",
        "stream": true
      }
    ]
  }
}
